Cruise,Cast_no.,Station,Date,Time,Latitude (N) ,Longitude Û,Pressure (dbar),Depth (m),DFe [nmol/kg],DFe_QC_flag
IN2018_V02,TMR 1,SOTS,5/3/2018,8:20:00,-47.001,142.022,15,14.87495358,0.23,1
IN2018_V02,TMR 1,SOTS,5/3/2018,8:20:00,-47.001,142.022,40,39.66413848,0.43,1
IN2018_V02,TMR 1,SOTS,5/3/2018,8:20:00,-47.001,142.022,70,69.40719583,0.15,1
IN2018_V02,TMR 1,SOTS,5/3/2018,8:20:00,-47.001,142.022,100,99.14593182,0.27,1
IN2018_V02,TMR 1,SOTS,5/3/2018,8:20:00,-47.001,142.022,150,148.7008991,0.36,1
IN2018_V02,TMR 1,SOTS,5/3/2018,8:20:00,-47.001,142.022,200,198.2438907,0.53,1
IN2018_V02,TMR 1,SOTS,5/3/2018,8:20:00,-47.001,142.022,500,495.2513314,0.99,1
IN2018_V02,TMR 2,SOTS,7/3/2018,8:04:00,-46.998,142,15,14.87495768,0.32,1
IN2018_V02,TMR 2,SOTS,7/3/2018,8:04:00,-46.998,142,30,29.74883329,0.17,1
IN2018_V02,TMR 2,SOTS,7/3/2018,8:04:00,-46.998,142,50,49.57898501,0.23,1
IN2018_V02,TMR 2,SOTS,7/3/2018,8:04:00,-46.998,142,70,69.407215,0.3,1
IN2018_V02,TMR 2,SOTS,7/3/2018,8:04:00,-46.998,142,80,79.3206097,0.19,1
IN2018_V02,TMR 2,SOTS,7/3/2018,8:04:00,-46.998,142,90,89.23352439,0.36,1
IN2018_V02,TMR 2,SOTS,7/3/2018,8:04:00,-46.998,142,100,99.14595921,0.21,1
IN2018_V02,TMR 2,SOTS,7/3/2018,8:04:00,-46.998,142,125,123.9249478,0.36,1
IN2018_V02,TMR 2,SOTS,7/3/2018,8:04:00,-46.998,142,150,148.7009402,0.44,1
IN2018_V02,TMR 2,SOTS,7/3/2018,8:04:00,-46.998,142,200,198.2439455,0.26,1
IN2018_V02,TMR 2,SOTS,7/3/2018,8:04:00,-46.998,142,300,297.2940993,0.45,1
IN2018_V02,TMR 2,SOTS,7/3/2018,8:04:00,-46.998,142,500,495.2514682,0.42,1
IN2018_V02,TMR 3,SOTS,7/3/2018,18:20:00,-46.97,141.93,15,14.87499604,1.22,4
IN2018_V02,TMR 3,SOTS,7/3/2018,18:20:00,-46.97,141.93,40,39.66425171,0.46,1
IN2018_V02,TMR 3,SOTS,7/3/2018,18:20:00,-46.97,141.93,70,69.40739397,0.44,1
IN2018_V02,TMR 3,SOTS,7/3/2018,18:20:00,-46.97,141.93,100,99.14621486,1.6,4
IN2018_V02,TMR 3,SOTS,7/3/2018,18:20:00,-46.97,141.93,150,148.7013236,0.65,1
IN2018_V02,TMR 3,SOTS,7/3/2018,18:20:00,-46.97,141.93,200,198.2444567,1.17,4
IN2018_V02,TMR 3,SOTS,7/3/2018,18:20:00,-46.97,141.93,300,297.2948658,0.44,1
IN2018_V02,TMR 3,SOTS,7/3/2018,18:20:00,-46.97,141.93,500,495.2527451,0.7,1
IN2018_V02,TMR 3,SOTS,7/3/2018,18:20:00,-46.97,141.93,750,742.4335177,0.78,1
IN2018_V02,TMR 3,SOTS,7/3/2018,18:20:00,-46.97,141.93,1000,989.3201087,0.91,1
IN2018_V02,TMR 3,SOTS,7/3/2018,18:20:00,-46.97,141.93,1250,1235.91466,0.86,1
IN2018_V02,TMR 3,SOTS,7/3/2018,18:20:00,-46.97,141.93,1500,1482.219295,0.82,1
IN2018_V02,TMR 4,SOTS,9/3/2018,16:50:00,-46.998,141.995,15,14.87495768,0.32,1
IN2018_V02,TMR 4,SOTS,9/3/2018,16:50:00,-46.998,141.995,40,39.66414943,0.38,1
IN2018_V02,TMR 4,SOTS,9/3/2018,16:50:00,-46.998,141.995,70,69.407215,0.48,1
IN2018_V02,TMR 4,SOTS,9/3/2018,16:50:00,-46.998,141.995,100,99.14595921,0.41,1
IN2018_V02,TMR 4,SOTS,9/3/2018,16:50:00,-46.998,141.995,150,148.7009402,0.47,1
IN2018_V02,TMR 4,SOTS,9/3/2018,16:50:00,-46.998,141.995,200,198.2439455,0.38,1
IN2018_V02,TMR 4,SOTS,9/3/2018,16:50:00,-46.998,141.995,300,297.2940993,0.32,1
IN2018_V02,TMR 4,SOTS,9/3/2018,16:50:00,-46.998,141.995,500,495.2514682,0.47,1
IN2018_V02,TMR 4,SOTS,9/3/2018,16:50:00,-46.998,141.995,750,742.4316035,0.8,1
IN2018_V02,TMR 4,SOTS,9/3/2018,16:50:00,-46.998,141.995,1000,989.317558,0.87,1
IN2018_V02,TMR 4,SOTS,9/3/2018,16:50:00,-46.998,141.995,1250,1235.911473,1.14,1
IN2018_V02,TMR 4,SOTS,9/3/2018,16:50:00,-46.998,141.995,1500,1482.215474,1.2,1
IN2018_V02,TMR 5,SOTS,18/3/2018,5:20:00,-46.909,141.9481667,15,14.87507961,0.18,1
IN2018_V02,TMR 5,SOTS,18/3/2018,5:20:00,-46.909,141.9481667,30,29.74907713,0.12,1
IN2018_V02,TMR 5,SOTS,18/3/2018,5:20:00,-46.909,141.9481667,50,49.57939139,0.14,1
IN2018_V02,TMR 5,SOTS,18/3/2018,5:20:00,-46.909,141.9481667,70,69.4077839,0.14,1
IN2018_V02,TMR 5,SOTS,18/3/2018,5:20:00,-46.909,141.9481667,80,79.32125986,0.21,1
IN2018_V02,TMR 5,SOTS,18/3/2018,5:20:00,-46.909,141.9481667,90,89.2342558,0.16,1
IN2018_V02,TMR 5,SOTS,18/3/2018,5:20:00,-46.909,141.9481667,100,99.14677187,0.23,1
IN2018_V02,TMR 5,SOTS,18/3/2018,5:20:00,-46.909,141.9481667,125,123.9259635,0.22,1
IN2018_V02,TMR 5,SOTS,18/3/2018,5:20:00,-46.909,141.9481667,150,148.702159,0.19,1
IN2018_V02,TMR 5,SOTS,18/3/2018,5:20:00,-46.909,141.9481667,200,198.2455704,0.2,1
IN2018_V02,TMR 5,SOTS,18/3/2018,5:20:00,-46.909,141.9481667,300,297.296536,0.22,1
IN2018_V02,TMR 5,SOTS,18/3/2018,5:20:00,-46.909,141.9481667,500,495.2555274,0.38,1
IN2019_V02,TMR 8,SOTS,27/3/2019,NA,-46.97316667,142.1801667,15,14.8749917,0.11,1
IN2019_V02,TMR 8,SOTS,27/3/2019,NA,-46.97316667,142.1801667,40,39.66424014,0.16,1
IN2019_V02,TMR 8,SOTS,27/3/2019,NA,-46.97316667,142.1801667,100,99.14618595,0.18,1
IN2019_V02,TMR 8,SOTS,27/3/2019,NA,-46.97316667,142.1801667,150,148.7012803,0.11,1
IN2019_V02,TMR 8,SOTS,27/3/2019,NA,-46.97316667,142.1801667,200,198.2443989,0.15,1
IN2019_V02,TMR 8,SOTS,27/3/2019,NA,-46.97316667,142.1801667,250,247.7755593,0.23,1
IN2019_V02,TMR 8,SOTS,27/3/2019,NA,-46.97316667,142.1801667,300,297.2947791,0.19,1
IN2019_V02,TMR 8,SOTS,27/3/2019,NA,-46.97316667,142.1801667,500,495.2526007,0.26,1
IN2019_V02,TMR 8,SOTS,27/3/2019,NA,-46.97316667,142.1801667,750,742.4333012,0.724,3
IN2019_V02,TMR 8,SOTS,27/3/2019,NA,-46.97316667,142.1801667,1000,989.3198202,0.43,1
IN2019_V02,TMR 8,SOTS,27/3/2019,NA,-46.97316667,142.1801667,1250,1235.914299,0.47,1