Event,Device,Date/Time,Latitude,Longitude,Expedition,Depth water [m],Water mass,Salp bloom pres,Cy,Cycle descr,Day of cycle [day],Cast,Station,Temp [°C],Sal,Bottle,Press [dbar],O2 [µmol/kg],Fluorescence [mg/m**3],Chl tot [mg/m**3],BP C [µg/l/day],Bact [#/ml],S. thompsoni C [g/m**2],S. thompsoni C daily [g/m**2],Bact C [mmol C/m**3] (20 fg C/cell)
TAN1810_1_015,CTD,2018-10-25T13:13:00,-44.6,174.22,TAN1810,55,SC-SA,Yes,1,Salp SC-SA,1,9103,3,9.9,34.68,3,56.4,278.2,1.4,,0.9444,1429239,1.13,1.29,2.37994
TAN1810_1_015,CTD,2018-10-25T13:13:00,-44.6,174.22,TAN1810,40,SC-SA,Yes,1,Salp SC-SA,1,9103,3,9.9,34.66,6,41.3,286.3,2.5,,1.5361,1691257,1.13,1.29,2.81625
TAN1810_1_015,CTD,2018-10-25T13:13:00,-44.6,174.22,TAN1810,30,SC-SA,Yes,1,Salp SC-SA,1,9103,3,10.5,34.59,9,30.3,288.2,1.7,,1.4886,1163177,1.13,1.29,1.9369
TAN1810_1_015,CTD,2018-10-25T13:13:00,-44.6,174.22,TAN1810,20,SC-SA,Yes,1,Salp SC-SA,1,9103,3,10.7,34.6,13,19.8,285.8,1.4,,1.6476,1063605,1.13,1.29,1.7711
TAN1810_1_015,CTD,2018-10-25T13:13:00,-44.6,174.22,TAN1810,12,SC-SA,Yes,1,Salp SC-SA,1,9103,3,10.7,34.59,17,12.1,285.1,1.1,,1.3227,1060192,1.13,1.29,1.76541
TAN1810_1_015,CTD,2018-10-25T13:13:00,-44.6,174.22,TAN1810,5,SC-SA,Yes,1,Salp SC-SA,1,9103,3,10.8,34.6,21,4.9,284.8,1.2,,0.8671,1131438,1.13,1.29,1.88405
TAN1810_1_024,CTD,2018-10-26T13:11:00,-44.53,174.23,TAN1810,50,SC-SA,Yes,1,Salp SC-SA,2,9106,6,9.8,34.68,3,50.3,268.8,0.5,0.445,0.4688,946255,1.13,3.74,1.57569
TAN1810_1_024,CTD,2018-10-26T13:11:00,-44.53,174.23,TAN1810,40,SC-SA,Yes,1,Salp SC-SA,2,9106,6,9.8,34.67,6,40.7,272.3,1,1.608,1.336,994563,1.13,3.74,1.65613
TAN1810_1_024,CTD,2018-10-26T13:11:00,-44.53,174.23,TAN1810,30,SC-SA,Yes,1,Salp SC-SA,2,9106,6,9.8,34.64,9,30.3,283.5,2.6,1.091,1.5934,1435851,1.13,3.74,2.39095
TAN1810_1_024,CTD,2018-10-26T13:11:00,-44.53,174.23,TAN1810,20,SC-SA,Yes,1,Salp SC-SA,2,9106,6,10.4,34.61,13,20.7,286,1.7,,1.0194,1473140,1.13,3.74,2.45305
TAN1810_1_024,CTD,2018-10-26T13:11:00,-44.53,174.23,TAN1810,12,SC-SA,Yes,1,Salp SC-SA,2,9106,6,10.6,34.59,17,12.7,283.7,2.1,,1.3983,1050073,1.13,3.74,1.74856
TAN1810_1_024,CTD,2018-10-26T13:11:00,-44.53,174.23,TAN1810,5,SC-SA,Yes,1,Salp SC-SA,2,9106,6,10.6,34.59,21,5.7,283.6,2.1,,0.8308,913710,1.13,3.74,1.52149
TAN1810_1_039,CTD,2018-10-27T13:07:00,-44.51,174.12,TAN1810,50,SC-SA,Yes,1,Salp SC-SA,3,9109,9,9.7,34.67,3,51.7,267.2,0.5,0.568,0.5465,780517,1.13,1.21,1.2997
TAN1810_1_039,CTD,2018-10-27T13:07:00,-44.51,174.12,TAN1810,40,SC-SA,Yes,1,Salp SC-SA,3,9109,9,9.8,34.66,6,40.9,274.5,0.9,0.618,0.4507,1230808,1.13,1.21,2.04952
TAN1810_1_039,CTD,2018-10-27T13:07:00,-44.51,174.12,TAN1810,30,SC-SA,Yes,1,Salp SC-SA,3,9109,9,9.2,34.5,9,30.5,281.5,1.1,0.571,0.6716,1207857,1.13,1.21,2.0113
TAN1810_1_039,CTD,2018-10-27T13:07:00,-44.51,174.12,TAN1810,20,SC-SA,Yes,1,Salp SC-SA,3,9109,9,10.5,34.58,13,20.6,285.2,1.1,0.571,2.3199,1032618,1.13,1.21,1.7195
TAN1810_1_039,CTD,2018-10-27T13:07:00,-44.51,174.12,TAN1810,12,SC-SA,Yes,1,Salp SC-SA,3,9109,9,11,34.62,20,12.3,277,0.9,0.701,0.7413,814622,1.13,1.21,1.35649
TAN1810_1_039,CTD,2018-10-27T13:07:00,-44.51,174.12,TAN1810,5,SC-SA,Yes,1,Salp SC-SA,3,9109,9,11.3,34.64,21,5.6,279.3,0.9,0.701,0.7675,783460,1.13,1.21,1.3046
TAN1810_1_051,CTD,2018-10-27T13:27:00,-44.505,174.095,TAN1810,50,SC-SA,Yes,1,Salp SC-SA,4,9112,12,9.8,34.68,5,50.8,269.5,0.7,0.586,0.3315,941512,1.13,0.9,1.56779
TAN1810_1_051,CTD,2018-10-27T13:27:00,-44.505,174.095,TAN1810,40,SC-SA,Yes,1,Salp SC-SA,4,9112,12,9.7,34.64,6,40.1,278.9,1.6,0.716,0.8615,379166,1.13,0.9,0.63138
TAN1810_1_051,CTD,2018-10-27T13:27:00,-44.505,174.095,TAN1810,30,SC-SA,Yes,1,Salp SC-SA,4,9112,12,9.9,34.6,12,30.5,292.2,1.5,0.814,0.8685,1935121,1.13,0.9,3.22233
TAN1810_1_051,CTD,2018-10-27T13:27:00,-44.505,174.095,TAN1810,20,SC-SA,Yes,1,Salp SC-SA,4,9112,12,11.3,34.62,13,20.3,280.5,0.9,0.565,1.0426,900326,1.13,0.9,1.49921
TAN1810_1_051,CTD,2018-10-27T13:27:00,-44.505,174.095,TAN1810,12,SC-SA,Yes,1,Salp SC-SA,4,9112,12,11.4,34.64,20,12.4,279.3,0.9,0.556,1.1713,864098,1.13,0.9,1.43888
TAN1810_1_051,CTD,2018-10-27T13:27:00,-44.505,174.095,TAN1810,5,SC-SA,Yes,1,Salp SC-SA,4,9112,12,11.4,34.64,21,5.5,279.4,0.9,,1.079,893352,1.13,0.9,1.48759
TAN1810_1_069,CTD,2018-10-28T13:12:00,-44.555,174.115,TAN1810,50,SC-SA,Yes,1,Salp SC-SA,5,9115,15,9.7,34.63,5,51.2,280,1.3,0.47,0.9669,1261593,1.13,0.63,2.10078
TAN1810_1_069,CTD,2018-10-28T13:12:00,-44.555,174.115,TAN1810,40,SC-SA,Yes,1,Salp SC-SA,5,9115,15,9.6,34.57,6,40.9,282.7,1.2,0.621,0.7864,1092953,1.13,0.63,1.81997
TAN1810_1_069,CTD,2018-10-28T13:12:00,-44.555,174.115,TAN1810,30,SC-SA,Yes,1,Salp SC-SA,5,9115,15,10,34.6,12,30,292.9,2,0.859,1.1159,2019495,1.13,0.63,3.36283
TAN1810_1_069,CTD,2018-10-28T13:12:00,-44.555,174.115,TAN1810,20,SC-SA,Yes,1,Salp SC-SA,5,9115,15,11.3,34.62,13,19.8,282.8,1.1,0.634,0.5993,994536,1.13,0.63,1.65608
TAN1810_1_069,CTD,2018-10-28T13:12:00,-44.555,174.115,TAN1810,12,SC-SA,Yes,1,Salp SC-SA,5,9115,15,11.5,34.63,20,12.6,253.2,0.9,0.544,1.5269,942977,1.13,0.63,1.57023
TAN1810_1_069,CTD,2018-10-28T13:12:00,-44.555,174.115,TAN1810,5,SC-SA,Yes,1,Salp SC-SA,5,9115,15,11.6,34.62,21,5.4,276.5,0.9,0.557,1.3994,886096,1.13,0.63,1.47551
TAN1810_1_090,CTD,2018-10-29T13:07:00,-44.606,174.218,TAN1810,50,SC-SA,Yes,1,Salp SC-SA,6,9119,19,9.7,34.61,5,51.1,282.9,2,0.9,,1187190,1.13,0.96,1.97689
TAN1810_1_090,CTD,2018-10-29T13:07:00,-44.606,174.218,TAN1810,40,SC-SA,Yes,1,Salp SC-SA,6,9119,19,10.1,34.61,6,40.7,289.3,2.3,0.898,,1629149,1.13,0.96,2.71283
TAN1810_1_090,CTD,2018-10-29T13:07:00,-44.606,174.218,TAN1810,30,SC-SA,Yes,1,Salp SC-SA,6,9119,19,10.4,34.6,12,31.1,255.2,2.3,0.692,,1171481,1.13,0.96,1.95073
TAN1810_1_090,CTD,2018-10-29T13:07:00,-44.606,174.218,TAN1810,20,SC-SA,Yes,1,Salp SC-SA,6,9119,19,11,34.59,13,21,272.1,1.6,,,684950,1.13,0.96,1.14057
TAN1810_1_090,CTD,2018-10-29T13:07:00,-44.606,174.218,TAN1810,12,SC-SA,Yes,1,Salp SC-SA,6,9119,19,11.3,34.6,20,12.3,268.9,0.8,,,554525,1.13,0.96,0.923385
TAN1810_1_090,CTD,2018-10-29T13:07:00,-44.606,174.218,TAN1810,5,SC-SA,Yes,1,Salp SC-SA,6,9119,19,11.3,34.6,21,5,269.2,1.1,0.512,,535713,1.13,0.96,0.89206
TAN1810_1_108,CTD,2018-10-30T13:09:00,-44.636,174.269,TAN1810,100,SC-SA,Yes,1,Salp SC-SA,7,9122,22,9.5,34.65,1,102.9,260.2,0.2,,0.5961,,1.13,0.87,
TAN1810_1_108,CTD,2018-10-30T13:09:00,-44.636,174.269,TAN1810,70,SC-SA,Yes,1,Salp SC-SA,7,9122,22,9.7,34.65,2,70.5,263,0.3,,0.7319,,1.13,0.87,
TAN1810_1_108,CTD,2018-10-30T13:09:00,-44.636,174.269,TAN1810,50,SC-SA,Yes,1,Salp SC-SA,7,9122,22,10,34.66,3,51.9,270.6,0.7,0.359,0.548,,1.13,0.87,
TAN1810_1_108,CTD,2018-10-30T13:09:00,-44.636,174.269,TAN1810,40,SC-SA,Yes,1,Salp SC-SA,7,9122,22,9.9,34.59,8,39.5,282.1,1.3,0.326,1.7857,,1.13,0.87,
TAN1810_1_108,CTD,2018-10-30T13:09:00,-44.636,174.269,TAN1810,30,SC-SA,Yes,1,Salp SC-SA,7,9122,22,10.1,34.61,9,31.3,287.8,1.6,0.255,1.636,,1.13,0.87,
TAN1810_1_108,CTD,2018-10-30T13:09:00,-44.636,174.269,TAN1810,20,SC-SA,Yes,1,Salp SC-SA,7,9122,22,11.1,34.59,16,20,281.3,2,0.233,2.1347,,1.13,0.87,
TAN1810_1_108,CTD,2018-10-30T13:09:00,-44.636,174.269,TAN1810,12,SC-SA,Yes,1,Salp SC-SA,7,9122,22,11.1,34.59,17,12.3,281.9,2,0.41,0.2596,,1.13,0.87,
TAN1810_1_108,CTD,2018-10-30T13:09:00,-44.636,174.269,TAN1810,5,SC-SA,Yes,1,Salp SC-SA,7,9122,22,11.1,34.59,24,4.8,282,2,0.424,0.3531,,1.13,0.87,
TAN1810_2_137,CTD,2018-11-02T13:05:00,-44.56,178.47,TAN1810,100,SA,Yes,2,Salp SA,1,9125,25,8.5,34.39,1,99.5,274.1,0.4,,1.1055,580500,0.43,0.25,0.966638
TAN1810_2_137,CTD,2018-11-02T13:05:00,-44.56,178.47,TAN1810,80,SA,Yes,2,Salp SA,1,9125,25,8.9,34.39,2,83,277.1,0.6,,0.8597,843270,0.43,0.25,1.4042
TAN1810_2_137,CTD,2018-11-02T13:05:00,-44.56,178.47,TAN1810,60,SA,Yes,2,Salp SA,1,9125,25,9.1,34.38,3,60.2,280.1,1.1,,0.4875,999172,0.43,0.25,1.6638
TAN1810_2_137,CTD,2018-11-02T13:05:00,-44.56,178.47,TAN1810,40,SA,Yes,2,Salp SA,1,9125,25,9.2,34.36,8,40.8,,1.3,,0.5776,1214159,0.43,0.25,2.0218
TAN1810_2_137,CTD,2018-11-02T13:05:00,-44.56,178.47,TAN1810,30,SA,Yes,2,Salp SA,1,9125,25,10.1,34.3,9,30.2,,1.3,,0.1139,1168579,0.43,0.25,1.9459
TAN1810_2_137,CTD,2018-11-02T13:05:00,-44.56,178.47,TAN1810,20,SA,Yes,2,Salp SA,1,9125,25,10.2,34.35,16,20.6,,1.3,,0.1312,1180619,0.43,0.25,1.96595
TAN1810_2_137,CTD,2018-11-02T13:05:00,-44.56,178.47,TAN1810,12,SA,Yes,2,Salp SA,1,9125,25,10.2,34.36,17,11.9,,1.3,,0.2985,1263689,0.43,0.25,2.10427
TAN1810_2_137,CTD,2018-11-02T13:05:00,-44.56,178.47,TAN1810,5,SA,Yes,2,Salp SA,1,9125,25,10.2,34.36,24,5.2,,1.4,,0.3319,1045424,0.43,0.25,1.74082
TAN1810_2_150,CTD,2018-11-02T13:21:00,-44.569,178.684,TAN1810,100,SA,Yes,2,Salp SA,2,9128,28,8.3,34.38,1,102.6,271.8,0.3,,0.4785,476978,0.43,0.37,0.794255
TAN1810_2_150,CTD,2018-11-02T13:21:00,-44.569,178.684,TAN1810,80,SA,Yes,2,Salp SA,2,9128,28,8.9,34.36,2,81.9,270.4,0.4,,0.7404,588146,0.43,0.37,0.97937
TAN1810_2_150,CTD,2018-11-02T13:21:00,-44.569,178.684,TAN1810,60,SA,Yes,2,Salp SA,2,9128,28,9.4,34.38,3,59.8,275.1,1,,0.5303,1117946,0.43,0.37,1.86158
TAN1810_2_150,CTD,2018-11-02T13:21:00,-44.569,178.684,TAN1810,40,SA,Yes,2,Salp SA,2,9128,28,10,34.38,8,39.9,276.1,1.1,,0.616,1568076,0.43,0.37,2.61113
TAN1810_2_150,CTD,2018-11-02T13:21:00,-44.569,178.684,TAN1810,30,SA,Yes,2,Salp SA,2,9128,28,10.3,34.38,9,30.4,275.2,1.1,,0.1319,1837377,0.43,0.37,3.05957
TAN1810_2_150,CTD,2018-11-02T13:21:00,-44.569,178.684,TAN1810,20,SA,Yes,2,Salp SA,2,9128,28,10.4,34.38,16,20.4,275,1,,0.0598,1795734,0.43,0.37,2.99022
TAN1810_2_150,CTD,2018-11-02T13:21:00,-44.569,178.684,TAN1810,12,SA,Yes,2,Salp SA,2,9128,28,10.4,34.37,17,12.5,275.2,1.1,,0.2045,1826707,0.43,0.37,3.0418
TAN1810_2_150,CTD,2018-11-02T13:21:00,-44.569,178.684,TAN1810,5,SA,Yes,2,Salp SA,2,9128,28,10.4,34.37,24,5.3,275.2,1.1,,0.7129,1713013,0.43,0.37,2.85248
TAN1810_2_176,CTD,2018-11-04T13:15:00,-44.604,179.179,TAN1810,100,SA,Yes,2,Salp SA,4,9133,33,8.4,34.38,1,102.6,272.4,0.4,,0.0718,,0.43,0.66,
TAN1810_2_176,CTD,2018-11-04T13:15:00,-44.604,179.179,TAN1810,80,SA,Yes,2,Salp SA,4,9133,33,8.9,34.38,2,82.7,276.2,0.6,,0.4837,,0.43,0.66,
TAN1810_2_176,CTD,2018-11-04T13:15:00,-44.604,179.179,TAN1810,60,SA,Yes,2,Salp SA,4,9133,33,9.3,34.36,3,60.7,277.5,0.9,,0.3161,,0.43,0.66,
TAN1810_2_176,CTD,2018-11-04T13:15:00,-44.604,179.179,TAN1810,40,SA,Yes,2,Salp SA,4,9133,33,10.2,34.38,6,40,272.2,0.8,,0.492,,0.43,0.66,
TAN1810_2_176,CTD,2018-11-04T13:15:00,-44.604,179.179,TAN1810,30,SA,Yes,2,Salp SA,4,9133,33,10.2,34.38,7,29.5,271.8,0.8,,,,0.43,0.66,
TAN1810_2_176,CTD,2018-11-04T13:15:00,-44.604,179.179,TAN1810,20,SA,Yes,2,Salp SA,4,9133,33,10.2,34.38,10,20.2,271.9,0.8,,0.1157,,0.43,0.66,
TAN1810_2_176,CTD,2018-11-04T13:15:00,-44.604,179.179,TAN1810,12,SA,Yes,2,Salp SA,4,9133,33,10.2,34.38,11,13.1,271.9,0.8,0.234,0.4544,,0.43,0.66,
TAN1810_2_176,CTD,2018-11-04T13:15:00,-44.604,179.179,TAN1810,5,SA,Yes,2,Salp SA,4,9133,33,10.2,34.38,24,5.4,271.9,0.8,,0.7147,,0.43,0.66,
TAN1810_2_188,CTD,2018-11-05T13:04:00,-44.541,179.493,TAN1810,60,SA,Yes,2,Salp SA,5,9136,36,9.7,34.37,3,60.6,274.8,1.2,,0.4849,1457445,0.43,0.25,2.42691
TAN1810_2_188,CTD,2018-11-05T13:04:00,-44.541,179.493,TAN1810,40,SA,Yes,2,Salp SA,5,9136,36,10.1,34.36,8,39.4,274.7,1.1,0.287,0.2303,1395095,0.43,0.25,2.32309
TAN1810_2_188,CTD,2018-11-05T13:04:00,-44.541,179.493,TAN1810,30,SA,Yes,2,Salp SA,5,9136,36,10.2,34.36,9,30.6,274,1.1,0.388,0.2503,1320691,0.43,0.25,2.19919
TAN1810_2_188,CTD,2018-11-05T13:04:00,-44.541,179.493,TAN1810,20,SA,Yes,2,Salp SA,5,9136,36,10.2,34.36,16,19.8,274.3,1.1,0.366,0.4747,1453172,0.43,0.25,2.4198
TAN1810_2_188,CTD,2018-11-05T13:04:00,-44.541,179.493,TAN1810,12,SA,Yes,2,Salp SA,5,9136,36,10.1,34.36,17,12.4,274.3,1.1,0.371,0.3188,1332893,0.43,0.25,2.21951
TAN1810_2_188,CTD,2018-11-05T13:04:00,-44.541,179.493,TAN1810,5,SA,Yes,2,Salp SA,5,9136,36,10.2,34.36,24,5.6,274.1,1.2,0.38,0.5588,1316593,0.43,0.25,2.19237
TAN1810_3_193,CTD,2018-11-06T13:12:00,-42.662,178.001,TAN1810,100,ST,No,3,Non-salp ST,1,9138,38,12.5,35.03,1,102,240.4,0.1,,1.2772,653479,0,0,1.08816
TAN1810_3_193,CTD,2018-11-06T13:12:00,-42.662,178.001,TAN1810,70,ST,No,3,Non-salp ST,1,9138,38,12.8,35.07,2,71.1,243.4,0.2,,0.1824,931071,0,0,1.5504
TAN1810_3_193,CTD,2018-11-06T13:12:00,-42.662,178.001,TAN1810,40,ST,No,3,Non-salp ST,1,9138,38,13.1,35.07,3,40.4,247.7,0.5,,0.5518,1222960,0,0,2.03645
TAN1810_3_193,CTD,2018-11-06T13:12:00,-42.662,178.001,TAN1810,30,ST,No,3,Non-salp ST,1,9138,38,13.1,35.06,8,30.9,251.6,1.1,0.802,0.5704,1435125,0,0,2.38974
TAN1810_3_193,CTD,2018-11-06T13:12:00,-42.662,178.001,TAN1810,20,ST,No,3,Non-salp ST,1,9138,38,13.5,35.02,16,20.3,260.8,2,1.469,0.9064,1662367,0,0,2.76814
TAN1810_3_193,CTD,2018-11-06T13:12:00,-42.662,178.001,TAN1810,5,ST,No,3,Non-salp ST,1,9138,38,13.6,35,24,5.1,262.1,2.3,1.232,1.7628,1556949,0,0,2.5926
TAN1810_3_207,CTD,2018-11-07T13:10:00,-42.742,178.091,TAN1810,100,ST,No,3,Non-salp ST,2,9141,41,12.6,35.05,1,100.7,241.6,0.2,,1.4927,720653,0,0,1.20002
TAN1810_3_207,CTD,2018-11-07T13:10:00,-42.742,178.091,TAN1810,70,ST,No,3,Non-salp ST,2,9141,41,12.8,35.06,2,71.6,239.9,0.2,,,772186,0,0,1.28583
TAN1810_3_207,CTD,2018-11-07T13:10:00,-42.742,178.091,TAN1810,40,ST,No,3,Non-salp ST,2,9141,41,13.1,35.05,3,36.4,247.2,0.6,0.802,0.4603,1039955,0,0,1.73171
TAN1810_3_207,CTD,2018-11-07T13:10:00,-42.742,178.091,TAN1810,25,ST,No,3,Non-salp ST,2,9141,41,13.1,35.05,9,24.8,250.2,1.1,0.724,0.4525,1194621,0,0,1.98926
TAN1810_3_207,CTD,2018-11-07T13:10:00,-42.742,178.091,TAN1810,12,ST,No,3,Non-salp ST,2,9141,41,13.3,34.98,20,12.1,264.1,2.9,1.335,0.3408,1675804,0,0,2.79052
TAN1810_3_207,CTD,2018-11-07T13:10:00,-42.742,178.091,TAN1810,5,ST,No,3,Non-salp ST,2,9141,41,13.4,34.97,24,5.1,264.2,2.9,1.565,0.1286,1610941,0,0,2.68251
TAN1810_3_223,CTD,2018-11-08T15:08:00,-42.787,178.267,TAN1810,100,ST,No,3,Non-salp ST,3,9144,44,12.2,34.95,1,100.8,246.6,0.1,,0.4674,746359,0,0,1.24282
TAN1810_3_223,CTD,2018-11-08T15:08:00,-42.787,178.267,TAN1810,70,ST,No,3,Non-salp ST,3,9144,44,12.6,34.99,2,70.9,250.3,0.4,,0.2593,1138412,0,0,1.89566
TAN1810_3_223,CTD,2018-11-08T15:08:00,-42.787,178.267,TAN1810,50,ST,No,3,Non-salp ST,3,9144,44,13.1,35,3,51,254.4,1.3,1.126,,,0,0,
TAN1810_3_223,CTD,2018-11-08T15:08:00,-42.787,178.267,TAN1810,40,ST,No,3,Non-salp ST,3,9144,44,13.3,35,8,40.8,256.3,2,1.47,0.0603,408594,0,0,0.680383
TAN1810_3_223,CTD,2018-11-08T15:08:00,-42.787,178.267,TAN1810,30,ST,No,3,Non-salp ST,3,9144,44,13.3,35,9,30.8,256.4,2,1.072,0.2374,1531553,0,0,2.55031
TAN1810_3_223,CTD,2018-11-08T15:08:00,-42.787,178.267,TAN1810,20,ST,No,3,Non-salp ST,3,9144,44,13.3,35,16,21.1,256.3,1.9,1.017,1.4486,1533125,0,0,2.55293
TAN1810_3_223,CTD,2018-11-08T15:08:00,-42.787,178.267,TAN1810,12,ST,No,3,Non-salp ST,3,9144,44,13.3,35,17,11.9,256.4,1.9,,1.0135,1477198,0,0,2.4598
TAN1810_3_223,CTD,2018-11-08T15:08:00,-42.787,178.267,TAN1810,5,ST,No,3,Non-salp ST,3,9144,44,13.3,35,24,4.8,256.4,1.7,1.026,1.079,1485099,0,0,2.47296
TAN1810_3_230,CTD,2018-11-09T04:38:00,-42.78,178.366,TAN1810,100,ST,No,3,Non-salp ST,4,9147,47,13.3,35,1,10,43354.3,1.8,,,,0,0,
TAN1810_3_230,CTD,2018-11-09T04:38:00,-42.78,178.366,TAN1810,70,ST,No,3,Non-salp ST,4,9147,47,13.3,35,22,10.1,43354.3,1.8,,,,0,0,
TAN1810_3_230,CTD,2018-11-09T04:38:00,-42.78,178.366,TAN1810,40,ST,No,3,Non-salp ST,4,9147,47,13.3,35,23,9.9,43354.3,1.9,,,,0,0,
TAN1810_3_230,CTD,2018-11-09T04:38:00,-42.78,178.366,TAN1810,12,ST,No,3,Non-salp ST,4,9147,47,13.3,35,24,10,43354.3,1.7,,,,0,0,
TAN1810_4_266,CTD,2018-11-11T14:30:00,-43.504,179.796,TAN1810,100,ST,Yes,4,Salp ST,1,9149,49,10.3,34.66,1,103.1,247.2,0.1,,1.1182,552160,1.01,0.89,0.919447
TAN1810_4_266,CTD,2018-11-11T14:30:00,-43.504,179.796,TAN1810,70,ST,Yes,4,Salp ST,1,9149,49,10.8,34.71,2,70.9,247.4,0.1,,0.0687,615666,1.01,0.89,1.0252
TAN1810_4_266,CTD,2018-11-11T14:30:00,-43.504,179.796,TAN1810,50,ST,Yes,4,Salp ST,1,9149,49,11.3,34.73,3,50.9,254.1,0.4,0.228,,938448,1.01,0.89,1.56269
TAN1810_4_266,CTD,2018-11-11T14:30:00,-43.504,179.796,TAN1810,40,ST,Yes,4,Salp ST,1,9149,49,11.8,34.71,8,40.9,262.1,0.8,0.244,0.221,2310498,1.01,0.89,3.8474
TAN1810_4_266,CTD,2018-11-11T14:30:00,-43.504,179.796,TAN1810,30,ST,Yes,4,Salp ST,1,9149,49,12,34.72,9,30.1,262.8,0.9,0.575,0.7004,2384243,1.01,0.89,3.9702
TAN1810_4_266,CTD,2018-11-11T14:30:00,-43.504,179.796,TAN1810,20,ST,Yes,4,Salp ST,1,9149,49,12.1,34.72,16,20.8,263.8,1.1,0.728,0.9358,2624505,1.01,0.89,4.37028
TAN1810_4_266,CTD,2018-11-11T14:30:00,-43.504,179.796,TAN1810,12,ST,Yes,4,Salp ST,1,9149,49,12.3,34.72,17,12.8,264.7,0.9,0.536,1.0094,2682448,1.01,0.89,4.46676
TAN1810_4_266,CTD,2018-11-11T14:30:00,-43.504,179.796,TAN1810,5,ST,Yes,4,Salp ST,1,9149,49,12.6,34.73,24,4.7,263.1,0.8,0.787,1.1325,2616416,1.01,0.89,4.35681
TAN1810_4_283,CTD,2018-11-12T12:45:00,-43.477,179.943,TAN1810,100,ST,Yes,4,Salp ST,2,9152,52,10.9,34.73,1,101.4,245.5,0.1,,0.1272,561083,1.01,0.59,0.934305
TAN1810_4_283,CTD,2018-11-12T12:45:00,-43.477,179.943,TAN1810,70,ST,Yes,4,Salp ST,2,9152,52,11.4,34.73,2,70.9,255,0.4,,0.2512,1176601,1.01,0.59,1.95925
TAN1810_4_283,CTD,2018-11-12T12:45:00,-43.477,179.943,TAN1810,40,ST,Yes,4,Salp ST,2,9152,52,12.1,34.76,8,39.6,261.4,1.1,0.817,0.3631,1804132,1.01,0.59,3.00421
TAN1810_4_283,CTD,2018-11-12T12:45:00,-43.477,179.943,TAN1810,20,ST,Yes,4,Salp ST,2,9152,52,12.3,34.77,16,19.9,271.7,2.1,1.239,0.5717,1825041,1.01,0.59,3.03903
TAN1810_4_283,CTD,2018-11-12T12:45:00,-43.477,179.943,TAN1810,12,ST,Yes,4,Salp ST,2,9152,52,13.1,34.82,17,11.7,264.8,1.2,0.778,1.0288,1883884,1.01,0.59,3.13701
TAN1810_4_283,CTD,2018-11-12T12:45:00,-43.477,179.943,TAN1810,5,ST,Yes,4,Salp ST,2,9152,52,13.2,34.83,24,4.8,263.8,1.1,0.843,1.0807,1838438,1.01,0.59,3.06133
TAN1810_4_298,CTD,2018-11-13T12:39:00,-43.597,-179.884,TAN1810,100,ST,Yes,4,Salp ST,3,9155,55,10.8,34.71,1,99.4,249.7,0.1,,0.2181,616150,1.01,1.03,1.026
TAN1810_4_298,CTD,2018-11-13T12:39:00,-43.597,-179.884,TAN1810,70,ST,Yes,4,Salp ST,3,9155,55,11.3,34.7,2,71.2,259.5,0.4,,0.4449,1288925,1.01,1.03,2.14629
TAN1810_4_298,CTD,2018-11-13T12:39:00,-43.597,-179.884,TAN1810,40,ST,Yes,4,Salp ST,3,9155,55,11.8,34.7,8,41,263.5,0.8,0.504,0.7959,2377416,1.01,1.03,3.95883
TAN1810_4_298,CTD,2018-11-13T12:39:00,-43.597,-179.884,TAN1810,20,ST,Yes,4,Salp ST,3,9155,55,12.1,34.71,16,20.7,268.5,1,0.626,1.1677,2757980,1.01,1.03,4.59254
TAN1810_4_298,CTD,2018-11-13T12:39:00,-43.597,-179.884,TAN1810,12,ST,Yes,4,Salp ST,3,9155,55,12.3,34.71,17,12.3,269.8,1,0.613,1.4066,2715826,1.01,1.03,4.52234
TAN1810_4_298,CTD,2018-11-13T12:39:00,-43.597,-179.884,TAN1810,5,ST,Yes,4,Salp ST,3,9155,55,12.5,34.71,24,5.2,268.5,1,0.732,1.3597,2292021,1.01,1.03,3.81663
TAN1810_5_324,CTD,2018-11-15T12:43:00,-45.556,179.524,TAN1810,120,SA,No,5,Non-salp SA,1,9161,61,8.5,34.45,1,121.8,263.5,0.3,,0.1122,414628,,,0.690431
TAN1810_5_324,CTD,2018-11-15T12:43:00,-45.556,179.524,TAN1810,100,SA,No,5,Non-salp SA,1,9161,61,8.9,34.4,2,101.3,265.5,0.5,,0.1547,646854,,,1.07713
TAN1810_5_324,CTD,2018-11-15T12:43:00,-45.556,179.524,TAN1810,90,SA,No,5,Non-salp SA,1,9161,61,9.3,34.37,3,90.8,270.4,0.6,0.194,0.2777,716864,,,1.19371
TAN1810_5_324,CTD,2018-11-15T12:43:00,-45.556,179.524,TAN1810,70,SA,No,5,Non-salp SA,1,9161,61,9.6,34.37,8,70.1,272.8,0.6,0.194,0.0992,919555,,,1.53123
TAN1810_5_324,CTD,2018-11-15T12:43:00,-45.556,179.524,TAN1810,45,SA,No,5,Non-salp SA,1,9161,61,10.5,34.35,9,44.5,270.2,0.4,0.126,0.3118,892129,,,1.48556
TAN1810_5_324,CTD,2018-11-15T12:43:00,-45.556,179.524,TAN1810,25,SA,No,5,Non-salp SA,1,9161,61,10.6,34.35,16,25.6,270.5,0.4,0.128,0.2791,940894,,,1.56676
TAN1810_5_324,CTD,2018-11-15T12:43:00,-45.556,179.524,TAN1810,12,SA,No,5,Non-salp SA,1,9161,61,11.4,34.36,17,11.8,266.4,0.4,0.142,0.1518,708331,,,1.1795
TAN1810_5_324,CTD,2018-11-15T12:43:00,-45.556,179.524,TAN1810,5,SA,No,5,Non-salp SA,1,9161,61,11.4,34.37,24,4.9,266.2,0.4,0.147,0.279,697635,,,1.16169
TAN1810_5_339,CTD,2018-11-16T12:45:00,-45.537,179.579,TAN1810,150,SA,No,5,Non-salp SA,2,9164,64,8,34.42,1,152.5,252.6,0.1,,0.0257,292427,,,0.486944
TAN1810_5_339,CTD,2018-11-16T12:45:00,-45.537,179.579,TAN1810,100,SA,No,5,Non-salp SA,2,9164,64,9,34.41,5,100.7,267.6,0.5,0.254,0.153,733728,,,1.22179
TAN1810_5_339,CTD,2018-11-16T12:45:00,-45.537,179.579,TAN1810,70,SA,No,5,Non-salp SA,2,9164,64,10.5,34.51,6,70.2,269.9,1.1,0.441,0.3898,1115299,,,1.85718
TAN1810_5_339,CTD,2018-11-16T12:45:00,-45.537,179.579,TAN1810,25,SA,No,5,Non-salp SA,2,9164,64,10.6,34.36,13,24.9,270.9,0.5,0.159,0.2561,1163835,,,1.938
TAN1810_5_339,CTD,2018-11-16T12:45:00,-45.537,179.579,TAN1810,12,SA,No,5,Non-salp SA,2,9164,64,11.6,34.37,20,12.1,266,0.5,0.159,0.3033,936258,,,1.55904
TAN1810_5_339,CTD,2018-11-16T12:45:00,-45.537,179.579,TAN1810,5,SA,No,5,Non-salp SA,2,9164,64,11.6,34.37,21,5.1,265.7,0.5,0.173,0.3432,960405,,,1.59925
TAN1810_5_344,CTD,2018-11-16T22:41:00,-45.523,179.583,TAN1810,120,SA,No,5,Non-salp SA,3,9165,65,8.4,34.41,3,505.7,258,0.3,,0.0679,347427,,,0.578529
TAN1810_5_344,CTD,2018-11-16T22:41:00,-45.523,179.583,TAN1810,70,SA,No,5,Non-salp SA,3,9165,65,10.5,34.51,10,197.1,270.4,1.1,,0.1756,931098,,,1.55045
TAN1810_5_344,CTD,2018-11-16T22:41:00,-45.523,179.583,TAN1810,50,SA,No,5,Non-salp SA,3,9165,65,10.4,34.36,7,157,270.3,0.5,,0.5339,1723682,,,2.87024
TAN1810_5_344,CTD,2018-11-16T22:41:00,-45.523,179.583,TAN1810,30,SA,No,5,Non-salp SA,3,9165,65,10.4,34.36,11,100.8,270.4,0.5,,0.2514,1171750,,,1.95118
TAN1810_5_344,CTD,2018-11-16T22:41:00,-45.523,179.583,TAN1810,12,SA,No,5,Non-salp SA,3,9165,65,10.6,34.36,17,49.2,271,0.5,,0.4015,1013362,,,1.68743
TAN1810_5_344,CTD,2018-11-16T22:41:00,-45.523,179.583,TAN1810,5,SA,No,5,Non-salp SA,3,9165,65,11.6,34.37,1,3.8,265.7,0.5,,0.3076,1061966,,,1.76837